Media,Title,Pubdate,Link
Yahoo!ニュース_オリジナル_RED_Chair,僕、このまま終わるんじゃないですか――はじめしゃちょーの「ガチ相談」、佐藤二朗の回答は,4/4(日) 16:21,https://news.yahoo.co.jp/articles/0dff7866d65be200fd7430c87688ed17b4f41165
Yahoo!ニュース_オリジナル_RED_Chair,「ロールモデルがいない」三浦瑠麗と蜷川実花、それでも捉われた「昭和の育児」の呪縛,3/15(月) 15:49,https://news.yahoo.co.jp/articles/2fb15e5c12df914138044832fa56fb90903b8a89
Yahoo!ニュース_オリジナル_RED_Chair,寄り添えるか、優しくできるか――綾野剛と常田大希が語るクリエイティブの「原点」,3/12(金) 12:14,https://news.yahoo.co.jp/articles/9c84797c769077f7ea837b60c0566996154bc393
Yahoo!ニュース_オリジナル_RED_Chair,「日本人じゃない」と突きつけられた過去――水原希子、自分らしさとの葛藤の先に,3/11(木) 12:05,https://news.yahoo.co.jp/articles/acce2e42c7213e16cbae53e4b0f98e8855d658b4
Yahoo!ニュース_オリジナル_RED_Chair,「お金は社会に還元して死ぬ」――「暴走族」安藤忠雄79歳、規格外の人生,3/10(水) 12:02,https://news.yahoo.co.jp/articles/3bb8436277b3b6380f26102693d02c35dda13dbe
Yahoo!ニュース_オリジナル_RED_Chair,「とんねるずは死にました」―戦力外通告された石橋貴明58歳、「新しい遊び場」で生き返るまで,3/9(火) 12:03,https://news.yahoo.co.jp/articles/81c20a519a9d42182ff118616849b16fa581014f
Yahoo!ニュース_オリジナル_RED_Chair,「世間の声は気にしない」―山田孝之は「愛」のために生きていく,3/8(月) 12:02,https://news.yahoo.co.jp/articles/1a7d251319008b131e68a2211822a255b3f8628a
Yahoo!ニュース_オリジナル_RED_Chair,「理解に苦しむものはみんな化け物扱い」――闘い続ける“不死鳥”、美輪明宏の人生,3/3(水) 13:28,https://news.yahoo.co.jp/articles/baeb0b5299c57ad740acd18394c58295d1297647
Yahoo!ニュース_オリジナル_RED_Chair,「『スラムダンク』なら神宗一郎」――エンゼルス大谷翔平、「謙虚過ぎる」25歳,3/3(水) 13:17,https://news.yahoo.co.jp/articles/7c7dd8f54004c7605fd2f8cc84bb8d25b6eaec5b
Yahoo!ニュース_オリジナル_RED_Chair,「人間が持っている能力を使い切るには、人生は短い」羽生善治はなぜ勝負を続けるのか,3/3(水) 13:16,https://news.yahoo.co.jp/articles/25b545d26da9edae4a6cd7f1db99f8da811203e4
Yahoo!ニュース_オリジナル_RED_Chair,「サッカー人生を通じて、世界を変える切符を手にした」本田圭佑32歳の目指す進化,3/3(水) 13:10,https://news.yahoo.co.jp/articles/f878cd3842ab04189804ab6be1236c7c018070c8
THE_TENNIS_DAILY,既に犬のための仕事に着手！ハーバードでビジネスを学ぶ選手たち,4/5(月) 17:00,https://news.yahoo.co.jp/articles/1fefdbf5078aed4dd6dead943895c426cecbf925
THE_TENNIS_DAILY,マイアミ大会で青山／柴原ペアが優勝！,4/5(月) 13:30,https://news.yahoo.co.jp/articles/4cc0651b6279f5f0b7b1185aa3738455ec201b80
THE_TENNIS_DAILY,世界37位ホルカシュがマスターズ初優勝！親友との対決制す,4/5(月) 12:30,https://news.yahoo.co.jp/articles/ce12b39d0ea2275df7e28dfb06237feac40f511f
THE_TENNIS_DAILY,シャラポワが一日のルーティーンを紹介,4/5(月) 8:00,https://news.yahoo.co.jp/articles/fdfd7a6b9c595a4a7fbf7a4d5102dbd859d296a8
THE_TENNIS_DAILY,テニス選手では初！超お嬢様ペグラがトレーディングカードをリリース,4/5(月) 7:00,https://news.yahoo.co.jp/articles/e98655c5ecf3fb29a6b70e4c70ce45a54fe4d367
THE_TENNIS_DAILY,メドベージェフはなぜクレーに弱いのか,4/4(日) 17:00,https://news.yahoo.co.jp/articles/c7eaeace331c65f379b30fd5588076a53336fad5
THE_TENNIS_DAILY,破局報道から一転、テニス界のビッグカップルが婚約を発表！,4/4(日) 12:00,https://news.yahoo.co.jp/articles/15061cbb7bd080b48c39fb83d9eb1fac6f57b809
THE_TENNIS_DAILY,テニス選手が一年にかけるラケットのストリング代って？,4/4(日) 8:00,https://news.yahoo.co.jp/articles/0bec14d54c729efdf145d4a098c1f653d51cd80a
THE_TENNIS_DAILY,セレナが大坂なおみの憧れの人とイベントで共演,4/4(日) 7:00,https://news.yahoo.co.jp/articles/3a171b1b07c5cdf2907fe644393b24f40f8c1526
THE_TENNIS_DAILY,シンネルがマイアミ決勝進出！ナダルやジョコビッチに続く快挙,4/3(土) 20:00,https://news.yahoo.co.jp/articles/e8df0915ecfb61fc331b6f643edcd99f62ed11bc
THE_TENNIS_DAILY,フランスの学校閉鎖。「全仏オープン」は予定通り開催できるのか,4/3(土) 17:00,https://news.yahoo.co.jp/articles/881cfea519e5b0a6f6959efa33b8d73a0d0decc8
THE_TENNIS_DAILY,ほぼすべてのジャンルの音楽が好きなナダルが唯一聴かないのは？,4/3(土) 12:00,https://news.yahoo.co.jp/articles/0eeee7a7244dff8b93d2637f6675a67c2206ef69
THE_TENNIS_DAILY,クレーシーズン到来！4月開催の主な大会まとめ,4/3(土) 8:00,https://news.yahoo.co.jp/articles/d27c645360b7654e4f10d99f4190f1215494c208
THE_TENNIS_DAILY,ATPとWTAはワクチン接種を推奨も...トップ選手で分かれる意見,4/3(土) 7:00,https://news.yahoo.co.jp/articles/e5602f4fd9ab694b15dc48030e675f64ac58e40a
THE_TENNIS_DAILY,マイアミ大会いよいよ大詰め！日本人ペアも準決勝へ,4/2(金) 20:00,https://news.yahoo.co.jp/articles/bc19f6b211ebc1692cc672058eafc374ebdf1ae9
THE_TENNIS_DAILY,マイアミ準々決勝敗退のチチパス「勝利が手からこぼれ落ちた」,4/2(金) 19:00,https://news.yahoo.co.jp/articles/de4ff98be1b591dd3c91596bfa4ed4659749c218
THE_TENNIS_DAILY,飛躍を続ける19歳シンネル「もっとダブルスをプレーしたい」,4/2(金) 17:00,https://news.yahoo.co.jp/articles/16f213036bd927081ad8cae0a0139433f0a328fd
THE_TENNIS_DAILY,フェデラーがスイス観光局のアンバサダーに,4/2(金) 12:00,https://news.yahoo.co.jp/articles/b7c55852d475bbd1d92def68443822496891b041
THE_TENNIS_DAILY,プロテニス選手が八百長？罰金約1100万円、14年間の出場停止処分を受ける,4/2(金) 11:00,https://news.yahoo.co.jp/articles/b71c77ed80ef064612711fe811493608a599c9e5
THE_TENNIS_DAILY,世界のトップアスリートの中で現役初の10億ドルプレーヤーになるのは？,4/2(金) 8:00,https://news.yahoo.co.jp/articles/5456680f174adc27863e9b985c3854c7b96cdb94
THE_TENNIS_DAILY,思わぬ運に助けられた遅咲きの27歳はコーチも手を焼く悪童だった！,4/2(金) 7:00,https://news.yahoo.co.jp/articles/0460f9b5224d144d5a3d7373e045144fb5681f42
THE_TENNIS_DAILY,メドベージェフ、マイアミ敗退もビッグ4に続く記録達成,4/1(木) 20:00,https://news.yahoo.co.jp/articles/4d5cf5901e38e2e4c2814ba88c2f43b62bdc8809
THE_TENNIS_DAILY,日本建築の影響も！シャラポワが家具コレクションを発表,4/1(木) 19:00,https://news.yahoo.co.jp/articles/ef44f95124d30bb8a634d62f663c3ff511d66017
THE_TENNIS_DAILY,マイアミで快進撃を続ける20歳の新星、その秘訣は猫?!,4/1(木) 18:00,https://news.yahoo.co.jp/articles/884f7de1e6c8234f12d772964b31836372a36669
THE_TENNIS_DAILY,大坂なおみが久々の敗戦で見せた成長「前よりも戦った」,4/1(木) 17:00,https://news.yahoo.co.jp/articles/d5be02b8751823029b0a0ed1d7de412edb6b56fd
25ansウエディング,幸せを運ぶ！ 人気ブランドのラッキーモチーフジュエリー集【Part1】,4/4(日) 22:03,https://news.yahoo.co.jp/articles/cee966c2e44c4d9d73f586efc65cb23c91fecec5
25ansウエディング,人気ブランドで見つけるウエディングシューズ【マノロ ブラニク編】,4/4(日) 21:05,https://news.yahoo.co.jp/articles/cf12a58c5e101d44e602f86c0f8f376843f543d6
25ansウエディング,日帰り利用もできる、ラグジュアリーなホテルスパのご褒美プラン　Part2,4/4(日) 20:04,https://news.yahoo.co.jp/articles/9a6f4ea413c5b50e9900445d16fb90779f2ac252
25ansウエディング,ヒラリー・ダフ、水中出産で第3子となる女児を出産！,4/4(日) 19:12,https://news.yahoo.co.jp/articles/d828dff733f4f05bd7ecfd1a95c1cfc41d3a242f
25ansウエディング,日帰り利用もできる、ラグジュアリーなホテルスパのご褒美プラン　Part1,4/3(土) 22:16,https://news.yahoo.co.jp/articles/0cb8dafc229d13ba213abd973d94c10e0fecd30c
25ansウエディング,編集部注目のブライダルフェア『パレスホテル東京』『アンダーズ 東京  』,4/3(土) 21:48,https://news.yahoo.co.jp/articles/3a75b54d136be3d404e71e4dbf36c0704c5e5352
25ansウエディング,大切な日は知的に、エレガントに！　両家の顔合わせ洋服コーデ3選,4/3(土) 21:26,https://news.yahoo.co.jp/articles/394b727e291db2f25b5cba08989db88ce66a6800
25ansウエディング,【祝50歳！】人気俳優ユアン・マクレガー、大人の恋愛事情,4/1(木) 21:04,https://news.yahoo.co.jp/articles/293f14129d303c87b0e43c044eaa6775e4f3aaeb
25ansウエディング,指先を優美に！　シルエットコンシャスな結婚指輪6選,4/1(木) 19:32,https://news.yahoo.co.jp/articles/a27942d02652a7ed4e298e29264187dd34dd9aa7
25ansウエディング,【ウエディング・パーティ最旬トレンド】今こそ考えたい「挙式」の大切さ,3/30(火) 22:02,https://news.yahoo.co.jp/articles/c6c4d9b18a7091ce5b955e1dc95cbd9b2010a430
25ansウエディング,春めくカラーのお色直しドレス集,3/30(火) 20:05,https://news.yahoo.co.jp/articles/2c9c1f4e267e27dfe0671e1868625c881eee3105
25ansウエディング,ゲストの心に残る結婚式の料理を拝見！【グランド ハイアット 東京】,3/30(火) 19:02,https://news.yahoo.co.jp/articles/1f947839ec742572fc1f833c8b2bca949b12dbb8
25ansウエディング,『プラダを着た悪魔』から生まれた本物のラブストーリー,3/28(日) 21:10,https://news.yahoo.co.jp/articles/ff728ab774e5f5b0a9ccc7118987e72edea03554
25ansウエディング,最愛ウエディング・シューズカタログ【ジミー チュウ編】,3/28(日) 20:41,https://news.yahoo.co.jp/articles/352103ac846a3cfd48de9bd73587f5902da730dc
25ansウエディング,編集部注目のブライダルフェア「グランド ハイアット 東京」「パレスホテル東京」,3/27(土) 23:10,https://news.yahoo.co.jp/articles/5a47f664f99b8662b12bddbb73fedb2ed1ee561b
25ansウエディング,編集部注目のブライダルフェア「ザ・ペニンシュラ東京」「アンダーズ 東京」,3/27(土) 21:34,https://news.yahoo.co.jp/articles/42cbf59a5adb85c42002fbd0fcd6a67c16641f3e
25ansウエディング,結婚式の前後はゆったりと宿泊がトレンド！　人気ホテル＆会場のお部屋をチェック,3/27(土) 20:55,https://news.yahoo.co.jp/articles/317fc0ed4da0f000d235b9318ac2f1eccecc5f03
25ansウエディング,『バイオハザード』ミラ・ジョヴォヴィッチの華麗なるドレスアップ集,3/26(金) 21:04,https://news.yahoo.co.jp/articles/ae299223d5a982562c49b614e5578b8b29f274cd
25ansウエディング,【モンスターハンター本日公開！】ミラ・ジョヴォヴィッチの華麗なる結婚歴,3/26(金) 20:32,https://news.yahoo.co.jp/articles/c74f7a1a36501c0d06287064efdeb95babf6694d
25ansウエディング,ひと目ぼれチャペル図鑑【長楽館】,3/26(金) 19:07,https://news.yahoo.co.jp/articles/41101c8bb66775fdf4b6305dddf8c052512c4e43
25ansウエディング,生花で彩る！　ウエディングのための最旬ブーケ【ハッピーカラー編】,3/25(木) 22:01,https://news.yahoo.co.jp/articles/254be646e5cfc438e36eacf5630ce9405f66fa72
25ansウエディング,海外人気5ブランドの個性派エンゲージ,3/25(木) 21:10,https://news.yahoo.co.jp/articles/5f9818e12085a155024d75bc0257b8285576a95c
25ansウエディング,彼と楽しみたい！人気ホテルの2021年春のおこもりグルメ【関西編】,3/25(木) 19:06,https://news.yahoo.co.jp/articles/a07f71193289ae3d56832d82a47c80e76991fae4
25ansウエディング,ステータスブランドのときめき婚約指輪＜ブルガリ編＞,3/24(水) 18:08,https://news.yahoo.co.jp/articles/734af49eb43b56790c7749efd85647207e48e562
25ansウエディング,素敵なドレスが知りたい！　ギャレリアコレクション「おしゃれディテールドレス」編,3/23(火) 22:49,https://news.yahoo.co.jp/articles/c01c402e819707381b4fb207b20570dc0148929c
25ansオンライン,ロックダウン中、ジョージ王子＆シャーロット王女が夢中になっていたこと,4/5(月) 14:40,https://news.yahoo.co.jp/articles/afa932f04cd6797924ff3457eeb4fe6f92b7e527
25ansオンライン,フェンディ アイシャイン、煌めくジェムストーンの新作に注目！,4/4(日) 22:12,https://news.yahoo.co.jp/articles/1e6a5261f54303f262b9555e2fdf3366ecbc5f89
25ansオンライン,【海外マダム通信】ローマ発◆おいしい楽しいイタリア生活,4/4(日) 21:13,https://news.yahoo.co.jp/articles/2f379127b2242ba014d7936cd2408417cb48d4e4
25ansオンライン,祝・成婚10周年！ キャサリン妃の「忘れられない」名場面ベスト6をプレイバック,4/4(日) 19:12,https://news.yahoo.co.jp/articles/ca834ec5199b78e8eb9c2c636feee5d0646a936e
25ansオンライン,エディターが体験！ 東京ステーションホテルで“リトリート“,4/3(土) 22:10,https://news.yahoo.co.jp/articles/a1b4dc897e21fe79b0ef4b379ea743e66d59c9ef
25ansオンライン,キャサリン妃になりきり！　エレママが真似したい、上品華やかなアクティブコーデ,4/3(土) 21:11,https://news.yahoo.co.jp/articles/7563ba1c09609045788ab3ffdbea665e93a816ec
25ansオンライン,三吉彩花さんが着こなすエルメスの最新コレクション,4/3(土) 19:12,https://news.yahoo.co.jp/articles/575a098f0d21f8cc92de222d184a3e6ab37847b5
25ansオンライン,【世界のヤング大富豪・中国KOLスペシャル】才色兼備なハーウェイのご令嬢、アナベル・ヤオに接近！,4/2(金) 22:10,https://news.yahoo.co.jp/articles/f676c38f651182c80a5dd8ac18e8ca03e04ad910
25ansオンライン,わずか6席の“隠れ家”！ 完全予約制の「吉次蟹蔵」で蟹鍋や天ぷらを楽しんで,4/2(金) 21:14,https://news.yahoo.co.jp/articles/96ba48ec4c2e725a43e0ec161715e4acb2885b0f
25ansオンライン,麻生綾の美容枕草子～花粉症歴50年の美容のプロがおすすめする頭皮ケア,4/2(金) 19:12,https://news.yahoo.co.jp/articles/54abb29532efd99b2f312b9d1ce791b4f99921e3
25ansオンライン,ランチミーティングは品格ツイードワンピで好感度UP,4/1(木) 22:11,https://news.yahoo.co.jp/articles/f6b4c0d1f7437e3af4a24b672a196e0bc50206bc
25ansオンライン,【2021-22年秋冬コレクション】NY-ミラノコレクションのランウェイルックレポート,4/1(木) 21:17,https://news.yahoo.co.jp/articles/ced1ce7b587169d15d4c4f28a9570bbf1b756bae
25ansオンライン,エディターが体験！ フォーシーズンズホテル東京大手町で“リトリート“,4/1(木) 19:11,https://news.yahoo.co.jp/articles/8f3e9cfe1ab3141d03bacd75e9c1e217fc64af84
25ansオンライン,仕事着、何を着ればいい？リモートワークの服装は？お仕事服のお悩みQ&A,3/31(水) 22:10,https://news.yahoo.co.jp/articles/83406c752691768eaeecf39409146b629d13b1e7
25ansオンライン,クライアントに会う日は、揺れるスカートでジャケットをフェミニンに,3/31(水) 21:12,https://news.yahoo.co.jp/articles/e3320b0a4920cc5e5a08859278138a0f9b09c5e5
25ansオンライン,いますぐ買える！ ヘアアクセサリー6,3/31(水) 19:14,https://news.yahoo.co.jp/articles/cb533992316767759926c228a4d542758992c323
25ansオンライン,愛犬＆猫に贈りたい　エレ派のためのおしゃれペットアイテム図鑑,3/30(火) 22:10,https://news.yahoo.co.jp/articles/df6c6ff1211b1ea10d44dde8174c57ed8168b234
25ansオンライン,シーンに合わせた着こなしレシピ オフィスワークの日の正解をナビ！,3/30(火) 21:12,https://news.yahoo.co.jp/articles/646cf94f66f39aa6bb8f37c305e4b2a8312cfdca
25ansオンライン,今から買っておきたい！2021夏ファッション＆アクセサリー,3/30(火) 19:12,https://news.yahoo.co.jp/articles/9bd7fab40818c79258d4fabcb88230f8955e3b42
25ansオンライン,シーンに合わせた着こなしレシピ リモートワークの日の正解は？,3/29(月) 22:13,https://news.yahoo.co.jp/articles/4ba562e82626b06818266f697560f5fa88054426
25ansオンライン,「ロロ・ピアーナ」から上品でエフォートレスなバッグ“Sesia（セージア）”が誕生,3/29(月) 21:15,https://news.yahoo.co.jp/articles/4a13abcfc761c20e65151d6271286dd07a499eb6
25ansオンライン,キャサリン妃、肝入りプロジェクトの写真集発売！愛用カメラがあきらかに,3/29(月) 19:11,https://news.yahoo.co.jp/articles/2114204ca341e294a769ae2df7b0b2d270deb13d
25ansオンライン,韓国ドラマ『女神降臨』で若手No.1確実！ “顔面国宝”チャ・ウヌのスター伝説,3/28(日) 22:10,https://news.yahoo.co.jp/articles/bebb15f0714baf4fde326059da4d0d57737d3ba8
25ansオンライン,いますぐ買える！ 最旬ヘアバンド6,3/28(日) 21:13,https://news.yahoo.co.jp/articles/c24b01a9ba9b6e0a87b1ba669bb05d8fd8473939
25ansオンライン,エル・ファニングになりきり！ 最旬カラー、スカイブルーが主役のパリシックな令嬢コーデ,3/28(日) 19:11,https://news.yahoo.co.jp/articles/6e55e76b5ab884b9c18a07b10f660b9b01228b90
Media,Title,Pubdate,Link
Yahoo!ニュース_オリジナル_RED_Chair,僕、このまま終わるんじゃないですか――はじめしゃちょーの「ガチ相談」、佐藤二朗の回答は,4/4(日) 16:21,https://news.yahoo.co.jp/articles/0dff7866d65be200fd7430c87688ed17b4f41165
Yahoo!ニュース_オリジナル_RED_Chair,「ロールモデルがいない」三浦瑠麗と蜷川実花、それでも捉われた「昭和の育児」の呪縛,3/15(月) 15:49,https://news.yahoo.co.jp/articles/2fb15e5c12df914138044832fa56fb90903b8a89
Yahoo!ニュース_オリジナル_RED_Chair,寄り添えるか、優しくできるか――綾野剛と常田大希が語るクリエイティブの「原点」,3/12(金) 12:14,https://news.yahoo.co.jp/articles/9c84797c769077f7ea837b60c0566996154bc393
Yahoo!ニュース_オリジナル_RED_Chair,「日本人じゃない」と突きつけられた過去――水原希子、自分らしさとの葛藤の先に,3/11(木) 12:05,https://news.yahoo.co.jp/articles/acce2e42c7213e16cbae53e4b0f98e8855d658b4
Yahoo!ニュース_オリジナル_RED_Chair,「お金は社会に還元して死ぬ」――「暴走族」安藤忠雄79歳、規格外の人生,3/10(水) 12:02,https://news.yahoo.co.jp/articles/3bb8436277b3b6380f26102693d02c35dda13dbe
Yahoo!ニュース_オリジナル_RED_Chair,「とんねるずは死にました」―戦力外通告された石橋貴明58歳、「新しい遊び場」で生き返るまで,3/9(火) 12:03,https://news.yahoo.co.jp/articles/81c20a519a9d42182ff118616849b16fa581014f
Yahoo!ニュース_オリジナル_RED_Chair,「世間の声は気にしない」―山田孝之は「愛」のために生きていく,3/8(月) 12:02,https://news.yahoo.co.jp/articles/1a7d251319008b131e68a2211822a255b3f8628a
Yahoo!ニュース_オリジナル_RED_Chair,「理解に苦しむものはみんな化け物扱い」――闘い続ける“不死鳥”、美輪明宏の人生,3/3(水) 13:28,https://news.yahoo.co.jp/articles/baeb0b5299c57ad740acd18394c58295d1297647
Yahoo!ニュース_オリジナル_RED_Chair,「『スラムダンク』なら神宗一郎」――エンゼルス大谷翔平、「謙虚過ぎる」25歳,3/3(水) 13:17,https://news.yahoo.co.jp/articles/7c7dd8f54004c7605fd2f8cc84bb8d25b6eaec5b
Yahoo!ニュース_オリジナル_RED_Chair,「人間が持っている能力を使い切るには、人生は短い」羽生善治はなぜ勝負を続けるのか,3/3(水) 13:16,https://news.yahoo.co.jp/articles/25b545d26da9edae4a6cd7f1db99f8da811203e4
Yahoo!ニュース_オリジナル_RED_Chair,「サッカー人生を通じて、世界を変える切符を手にした」本田圭佑32歳の目指す進化,3/3(水) 13:10,https://news.yahoo.co.jp/articles/f878cd3842ab04189804ab6be1236c7c018070c8
Media,Title,Pubdate,Link
Media,Title,Pubdate,Link
Yahoo!ニュース_オリジナル_RED_Chair,僕、このまま終わるんじゃないですか――はじめしゃちょーの「ガチ相談」、佐藤二朗の回答は,2021-04-04 16:21:00,https://news.yahoo.co.jp/articles/0dff7866d65be200fd7430c87688ed17b4f41165
Yahoo!ニュース_オリジナル_RED_Chair,「ロールモデルがいない」三浦瑠麗と蜷川実花、それでも捉われた「昭和の育児」の呪縛,2021-03-15 15:49:00,https://news.yahoo.co.jp/articles/2fb15e5c12df914138044832fa56fb90903b8a89
Yahoo!ニュース_オリジナル_RED_Chair,寄り添えるか、優しくできるか――綾野剛と常田大希が語るクリエイティブの「原点」,2021-03-12 12:14:00,https://news.yahoo.co.jp/articles/9c84797c769077f7ea837b60c0566996154bc393
Yahoo!ニュース_オリジナル_RED_Chair,「日本人じゃない」と突きつけられた過去――水原希子、自分らしさとの葛藤の先に,2021-03-11 12:05:00,https://news.yahoo.co.jp/articles/acce2e42c7213e16cbae53e4b0f98e8855d658b4
Yahoo!ニュース_オリジナル_RED_Chair,「お金は社会に還元して死ぬ」――「暴走族」安藤忠雄79歳、規格外の人生,2021-03-10 12:02:00,https://news.yahoo.co.jp/articles/3bb8436277b3b6380f26102693d02c35dda13dbe
Yahoo!ニュース_オリジナル_RED_Chair,「とんねるずは死にました」―戦力外通告された石橋貴明58歳、「新しい遊び場」で生き返るまで,2021-03-09 12:03:00,https://news.yahoo.co.jp/articles/81c20a519a9d42182ff118616849b16fa581014f
Yahoo!ニュース_オリジナル_RED_Chair,「世間の声は気にしない」―山田孝之は「愛」のために生きていく,2021-03-08 12:02:00,https://news.yahoo.co.jp/articles/1a7d251319008b131e68a2211822a255b3f8628a
Yahoo!ニュース_オリジナル_RED_Chair,「理解に苦しむものはみんな化け物扱い」――闘い続ける“不死鳥”、美輪明宏の人生,2021-03-03 13:28:00,https://news.yahoo.co.jp/articles/baeb0b5299c57ad740acd18394c58295d1297647
Yahoo!ニュース_オリジナル_RED_Chair,「『スラムダンク』なら神宗一郎」――エンゼルス大谷翔平、「謙虚過ぎる」25歳,2021-03-03 13:17:00,https://news.yahoo.co.jp/articles/7c7dd8f54004c7605fd2f8cc84bb8d25b6eaec5b
Yahoo!ニュース_オリジナル_RED_Chair,「人間が持っている能力を使い切るには、人生は短い」羽生善治はなぜ勝負を続けるのか,2021-03-03 13:16:00,https://news.yahoo.co.jp/articles/25b545d26da9edae4a6cd7f1db99f8da811203e4
Yahoo!ニュース_オリジナル_RED_Chair,「サッカー人生を通じて、世界を変える切符を手にした」本田圭佑32歳の目指す進化,2021-03-03 13:10:00,https://news.yahoo.co.jp/articles/f878cd3842ab04189804ab6be1236c7c018070c8
THE_TENNIS_DAILY,既に犬のための仕事に着手！ハーバードでビジネスを学ぶ選手たち,2021-04-05 17:00:00,https://news.yahoo.co.jp/articles/1fefdbf5078aed4dd6dead943895c426cecbf925
THE_TENNIS_DAILY,マイアミ大会で青山／柴原ペアが優勝！,2021-04-05 13:30:00,https://news.yahoo.co.jp/articles/4cc0651b6279f5f0b7b1185aa3738455ec201b80
THE_TENNIS_DAILY,世界37位ホルカシュがマスターズ初優勝！親友との対決制す,2021-04-05 12:30:00,https://news.yahoo.co.jp/articles/ce12b39d0ea2275df7e28dfb06237feac40f511f
THE_TENNIS_DAILY,シャラポワが一日のルーティーンを紹介,2021-04-05 08:00:00,https://news.yahoo.co.jp/articles/fdfd7a6b9c595a4a7fbf7a4d5102dbd859d296a8
THE_TENNIS_DAILY,テニス選手では初！超お嬢様ペグラがトレーディングカードをリリース,2021-04-05 07:00:00,https://news.yahoo.co.jp/articles/e98655c5ecf3fb29a6b70e4c70ce45a54fe4d367
THE_TENNIS_DAILY,メドベージェフはなぜクレーに弱いのか,2021-04-04 17:00:00,https://news.yahoo.co.jp/articles/c7eaeace331c65f379b30fd5588076a53336fad5
THE_TENNIS_DAILY,破局報道から一転、テニス界のビッグカップルが婚約を発表！,2021-04-04 12:00:00,https://news.yahoo.co.jp/articles/15061cbb7bd080b48c39fb83d9eb1fac6f57b809
THE_TENNIS_DAILY,テニス選手が一年にかけるラケットのストリング代って？,2021-04-04 08:00:00,https://news.yahoo.co.jp/articles/0bec14d54c729efdf145d4a098c1f653d51cd80a
THE_TENNIS_DAILY,セレナが大坂なおみの憧れの人とイベントで共演,2021-04-04 07:00:00,https://news.yahoo.co.jp/articles/3a171b1b07c5cdf2907fe644393b24f40f8c1526
THE_TENNIS_DAILY,シンネルがマイアミ決勝進出！ナダルやジョコビッチに続く快挙,2021-04-03 20:00:00,https://news.yahoo.co.jp/articles/e8df0915ecfb61fc331b6f643edcd99f62ed11bc
THE_TENNIS_DAILY,フランスの学校閉鎖。「全仏オープン」は予定通り開催できるのか,2021-04-03 17:00:00,https://news.yahoo.co.jp/articles/881cfea519e5b0a6f6959efa33b8d73a0d0decc8
THE_TENNIS_DAILY,ほぼすべてのジャンルの音楽が好きなナダルが唯一聴かないのは？,2021-04-03 12:00:00,https://news.yahoo.co.jp/articles/0eeee7a7244dff8b93d2637f6675a67c2206ef69
THE_TENNIS_DAILY,クレーシーズン到来！4月開催の主な大会まとめ,2021-04-03 08:00:00,https://news.yahoo.co.jp/articles/d27c645360b7654e4f10d99f4190f1215494c208
THE_TENNIS_DAILY,ATPとWTAはワクチン接種を推奨も...トップ選手で分かれる意見,2021-04-03 07:00:00,https://news.yahoo.co.jp/articles/e5602f4fd9ab694b15dc48030e675f64ac58e40a
THE_TENNIS_DAILY,マイアミ大会いよいよ大詰め！日本人ペアも準決勝へ,2021-04-02 20:00:00,https://news.yahoo.co.jp/articles/bc19f6b211ebc1692cc672058eafc374ebdf1ae9
THE_TENNIS_DAILY,マイアミ準々決勝敗退のチチパス「勝利が手からこぼれ落ちた」,2021-04-02 19:00:00,https://news.yahoo.co.jp/articles/de4ff98be1b591dd3c91596bfa4ed4659749c218
THE_TENNIS_DAILY,飛躍を続ける19歳シンネル「もっとダブルスをプレーしたい」,2021-04-02 17:00:00,https://news.yahoo.co.jp/articles/16f213036bd927081ad8cae0a0139433f0a328fd
THE_TENNIS_DAILY,フェデラーがスイス観光局のアンバサダーに,2021-04-02 12:00:00,https://news.yahoo.co.jp/articles/b7c55852d475bbd1d92def68443822496891b041
THE_TENNIS_DAILY,プロテニス選手が八百長？罰金約1100万円、14年間の出場停止処分を受ける,2021-04-02 11:00:00,https://news.yahoo.co.jp/articles/b71c77ed80ef064612711fe811493608a599c9e5
THE_TENNIS_DAILY,世界のトップアスリートの中で現役初の10億ドルプレーヤーになるのは？,2021-04-02 08:00:00,https://news.yahoo.co.jp/articles/5456680f174adc27863e9b985c3854c7b96cdb94
THE_TENNIS_DAILY,思わぬ運に助けられた遅咲きの27歳はコーチも手を焼く悪童だった！,2021-04-02 07:00:00,https://news.yahoo.co.jp/articles/0460f9b5224d144d5a3d7373e045144fb5681f42
THE_TENNIS_DAILY,メドベージェフ、マイアミ敗退もビッグ4に続く記録達成,2021-04-01 20:00:00,https://news.yahoo.co.jp/articles/4d5cf5901e38e2e4c2814ba88c2f43b62bdc8809
THE_TENNIS_DAILY,日本建築の影響も！シャラポワが家具コレクションを発表,2021-04-01 19:00:00,https://news.yahoo.co.jp/articles/ef44f95124d30bb8a634d62f663c3ff511d66017
THE_TENNIS_DAILY,マイアミで快進撃を続ける20歳の新星、その秘訣は猫?!,2021-04-01 18:00:00,https://news.yahoo.co.jp/articles/884f7de1e6c8234f12d772964b31836372a36669
THE_TENNIS_DAILY,大坂なおみが久々の敗戦で見せた成長「前よりも戦った」,2021-04-01 17:00:00,https://news.yahoo.co.jp/articles/d5be02b8751823029b0a0ed1d7de412edb6b56fd
25ansウエディング,幸せを運ぶ！ 人気ブランドのラッキーモチーフジュエリー集【Part1】,2021-04-04 22:03:00,https://news.yahoo.co.jp/articles/cee966c2e44c4d9d73f586efc65cb23c91fecec5
25ansウエディング,人気ブランドで見つけるウエディングシューズ【マノロ ブラニク編】,2021-04-04 21:05:00,https://news.yahoo.co.jp/articles/cf12a58c5e101d44e602f86c0f8f376843f543d6
25ansウエディング,日帰り利用もできる、ラグジュアリーなホテルスパのご褒美プラン　Part2,2021-04-04 20:04:00,https://news.yahoo.co.jp/articles/9a6f4ea413c5b50e9900445d16fb90779f2ac252
25ansウエディング,ヒラリー・ダフ、水中出産で第3子となる女児を出産！,2021-04-04 19:12:00,https://news.yahoo.co.jp/articles/d828dff733f4f05bd7ecfd1a95c1cfc41d3a242f
25ansウエディング,日帰り利用もできる、ラグジュアリーなホテルスパのご褒美プラン　Part1,2021-04-03 22:16:00,https://news.yahoo.co.jp/articles/0cb8dafc229d13ba213abd973d94c10e0fecd30c
25ansウエディング,編集部注目のブライダルフェア『パレスホテル東京』『アンダーズ 東京  』,2021-04-03 21:48:00,https://news.yahoo.co.jp/articles/3a75b54d136be3d404e71e4dbf36c0704c5e5352
25ansウエディング,大切な日は知的に、エレガントに！　両家の顔合わせ洋服コーデ3選,2021-04-03 21:26:00,https://news.yahoo.co.jp/articles/394b727e291db2f25b5cba08989db88ce66a6800
25ansウエディング,【祝50歳！】人気俳優ユアン・マクレガー、大人の恋愛事情,2021-04-01 21:04:00,https://news.yahoo.co.jp/articles/293f14129d303c87b0e43c044eaa6775e4f3aaeb
25ansウエディング,指先を優美に！　シルエットコンシャスな結婚指輪6選,2021-04-01 19:32:00,https://news.yahoo.co.jp/articles/a27942d02652a7ed4e298e29264187dd34dd9aa7
25ansウエディング,【ウエディング・パーティ最旬トレンド】今こそ考えたい「挙式」の大切さ,2021-03-30 22:02:00,https://news.yahoo.co.jp/articles/c6c4d9b18a7091ce5b955e1dc95cbd9b2010a430
25ansウエディング,春めくカラーのお色直しドレス集,2021-03-30 20:05:00,https://news.yahoo.co.jp/articles/2c9c1f4e267e27dfe0671e1868625c881eee3105
25ansウエディング,ゲストの心に残る結婚式の料理を拝見！【グランド ハイアット 東京】,2021-03-30 19:02:00,https://news.yahoo.co.jp/articles/1f947839ec742572fc1f833c8b2bca949b12dbb8
25ansウエディング,『プラダを着た悪魔』から生まれた本物のラブストーリー,2021-03-28 21:10:00,https://news.yahoo.co.jp/articles/ff728ab774e5f5b0a9ccc7118987e72edea03554
25ansウエディング,最愛ウエディング・シューズカタログ【ジミー チュウ編】,2021-03-28 20:41:00,https://news.yahoo.co.jp/articles/352103ac846a3cfd48de9bd73587f5902da730dc
25ansウエディング,編集部注目のブライダルフェア「グランド ハイアット 東京」「パレスホテル東京」,2021-03-27 23:10:00,https://news.yahoo.co.jp/articles/5a47f664f99b8662b12bddbb73fedb2ed1ee561b
25ansウエディング,編集部注目のブライダルフェア「ザ・ペニンシュラ東京」「アンダーズ 東京」,2021-03-27 21:34:00,https://news.yahoo.co.jp/articles/42cbf59a5adb85c42002fbd0fcd6a67c16641f3e
25ansウエディング,結婚式の前後はゆったりと宿泊がトレンド！　人気ホテル＆会場のお部屋をチェック,2021-03-27 20:55:00,https://news.yahoo.co.jp/articles/317fc0ed4da0f000d235b9318ac2f1eccecc5f03
25ansウエディング,『バイオハザード』ミラ・ジョヴォヴィッチの華麗なるドレスアップ集,2021-03-26 21:04:00,https://news.yahoo.co.jp/articles/ae299223d5a982562c49b614e5578b8b29f274cd
25ansウエディング,【モンスターハンター本日公開！】ミラ・ジョヴォヴィッチの華麗なる結婚歴,2021-03-26 20:32:00,https://news.yahoo.co.jp/articles/c74f7a1a36501c0d06287064efdeb95babf6694d
25ansウエディング,ひと目ぼれチャペル図鑑【長楽館】,2021-03-26 19:07:00,https://news.yahoo.co.jp/articles/41101c8bb66775fdf4b6305dddf8c052512c4e43
25ansウエディング,生花で彩る！　ウエディングのための最旬ブーケ【ハッピーカラー編】,2021-03-25 22:01:00,https://news.yahoo.co.jp/articles/254be646e5cfc438e36eacf5630ce9405f66fa72
25ansウエディング,海外人気5ブランドの個性派エンゲージ,2021-03-25 21:10:00,https://news.yahoo.co.jp/articles/5f9818e12085a155024d75bc0257b8285576a95c
25ansウエディング,彼と楽しみたい！人気ホテルの2021年春のおこもりグルメ【関西編】,2021-03-25 19:06:00,https://news.yahoo.co.jp/articles/a07f71193289ae3d56832d82a47c80e76991fae4
25ansウエディング,ステータスブランドのときめき婚約指輪＜ブルガリ編＞,2021-03-24 18:08:00,https://news.yahoo.co.jp/articles/734af49eb43b56790c7749efd85647207e48e562
25ansウエディング,素敵なドレスが知りたい！　ギャレリアコレクション「おしゃれディテールドレス」編,2021-03-23 22:49:00,https://news.yahoo.co.jp/articles/c01c402e819707381b4fb207b20570dc0148929c
