url,media,media_jpn
https://news.yahoo.co.jp/rss/media/fbc/all.xml,fbc,FBC_福井放送
https://news.yahoo.co.jp/rss/media/engadgetj/all.xml,engadgetj,Engadget_日本版
https://news.yahoo.co.jp/rss/media/msportcom/all.xml,msportcom,motorsport.com_日本版
https://news.yahoo.co.jp/rss/media/qbizs/all.xml,qbizs,qBiz_西日本新聞経済電子版
https://news.yahoo.co.jp/rss/media/benesseks/all.xml,benesseks,ベネッセ_教育情報サイト
https://news.yahoo.co.jp/rss/media/sorae_jp/all.xml,sorae_jp,sorae_宇宙へのポータルサイト
https://news.yahoo.co.jp/rss/media/metro/all.xml,metro,アーバン_ライフ_メトロ
https://news.yahoo.co.jp/rss/media/biz_it_mk/all.xml,biz_it_mk,ITmedia_マーケティング
https://news.yahoo.co.jp/rss/media/fsight/all.xml,fsight,新潮社_フォーサイト
https://news.yahoo.co.jp/rss/media/zdn_mkt/all.xml,zdn_mkt,ITmedia_ビジネスオンライン
https://news.yahoo.co.jp/rss/media/bazaar/all.xml,bazaar,ハーパーズ_バザー・オンライン
https://news.yahoo.co.jp/rss/media/nknatiogeo/all.xml,nknatiogeo,ナショナル_ジオグラフィック日本版
https://news.yahoo.co.jp/rss/media/sagatv/all.xml,sagatv,佐賀ニュース_サガテレビ
https://news.yahoo.co.jp/rss/media/sakae/all.xml,sakae,月刊糖尿病ライフ_さかえ
https://news.yahoo.co.jp/rss/media/colocal/all.xml,colocal,Webマガジン_コロカル
https://news.yahoo.co.jp/rss/media/qjweb/all.xml,qjweb,QJWeb_クイック・ジャパン_ウェブ
https://news.yahoo.co.jp/rss/media/tokyotorch/all.xml,tokyotorch,東京2020報道特集_オリンピック聖火リレー
https://news.yahoo.co.jp/rss/media/redchair/all.xml,redchair,Yahoo!ニュース_オリジナル_RED_Chair
https://news.yahoo.co.jp/rss/media/wordleaf/all.xml,wordleaf,Yahoo!ニュース_オリジナル_THE_PAGE
https://news.yahoo.co.jp/rss/media/zdn_ep/all.xml,zdn_ep,ITmedia_エンタープライズ
https://news.yahoo.co.jp/rss/media/soccermzw/all.xml,soccermzw,Football_ZONE_web
https://news.yahoo.co.jp/rss/media/creaweb/all.xml,creaweb,CREA_WEB
https://news.yahoo.co.jp/rss/media/clc_eng/all.xml,clc_eng,ENGINE_WEB
https://news.yahoo.co.jp/rss/media/getnavi/all.xml,getnavi,GetNavi_web
https://news.yahoo.co.jp/rss/media/monomax/all.xml,monomax,MonoMax_Web
https://news.yahoo.co.jp/rss/media/number/all.xml,number,Number_Web
https://news.yahoo.co.jp/rss/media/phileweb/all.xml,phileweb,PHILE_WEB
https://news.yahoo.co.jp/rss/media/tarzanweb/all.xml,tarzanweb,Tarzan_Web
https://news.yahoo.co.jp/rss/media/inumag/all.xml,inumag,いぬのきもち_WEB_MAGAZINE
https://news.yahoo.co.jp/rss/media/nekomag/all.xml,nekomag,ねこのきもち_WEB_MAGAZINE
https://news.yahoo.co.jp/rss/media/indowatch/all.xml,indowatch,INDO_WATCHER_ビジネスプレミアム
https://news.yahoo.co.jp/rss/media/impress/all.xml,impress,Impress_Watch
https://news.yahoo.co.jp/rss/media/mvwalk/all.xml,mvwalk,MOVIE_WALKER_PRESS
https://news.yahoo.co.jp/rss/media/netvivi/all.xml,netvivi,NET_ViVi
https://news.yahoo.co.jp/rss/media/numero/all.xml,numero,Numero_TOKYO
https://news.yahoo.co.jp/rss/media/it_eetimes/all.xml,it_eetimes,EE_Times_Japan
https://news.yahoo.co.jp/rss/media/forza/all.xml,forza,FORZA_STYLE
https://news.yahoo.co.jp/rss/media/nikkeisty/all.xml,nikkeisty,NIKKEI_STYLE
https://news.yahoo.co.jp/rss/media/rolling/all.xml,rolling,Rolling_Stone_Japan
https://news.yahoo.co.jp/rss/media/cyclespo/all.xml,cyclespo,CYCLE_SPORTS.jp
https://news.yahoo.co.jp/rss/media/jsportsv/all.xml,jsportsv,J_SPORTS
https://news.yahoo.co.jp/rss/media/realspo/all.xml,realspo,REAL_SPORTS
https://news.yahoo.co.jp/rss/media/gamespav/all.xml,gamespav,Game_Spark
https://news.yahoo.co.jp/rss/media/watchnavi/all.xml,watchnavi,WATCHNAVI_Salon
https://news.yahoo.co.jp/rss/media/nrakuten/all.xml,nrakuten,NBA_Rakuten
https://news.yahoo.co.jp/rss/media/sportal/all.xml,sportal,Science_Portal
https://news.yahoo.co.jp/rss/media/moneyplus/all.xml,moneyplus,MONEY_PLUS
https://news.yahoo.co.jp/rss/media/zdn_pc/all.xml,zdn_pc,ITmedia_PC_USER
https://news.yahoo.co.jp/rss/media/yamakei/all.xml,yamakei,YAMAKEI_ONLINE（ヤマケイオンライン）
https://news.yahoo.co.jp/rss/media/fineboys/all.xml,fineboys,FINEBOYS_Online
https://news.yahoo.co.jp/rss/media/imaonline/all.xml,imaonline,IMA_ONLINE
https://news.yahoo.co.jp/rss/media/penonline/all.xml,penonline,Pen_Online
https://news.yahoo.co.jp/rss/media/safariweb/all.xml,safariweb,Safari_Online
https://news.yahoo.co.jp/rss/media/withonline/all.xml,withonline,with_online
https://news.yahoo.co.jp/rss/media/kyoikuict/all.xml,kyoikuict,教育とICT_Online
https://news.yahoo.co.jp/rss/media/medical/all.xml,medical,Medical_Note
https://news.yahoo.co.jp/rss/media/mensnonno/all.xml,mensnonno,MEN’S_NON-NO_WEB
https://news.yahoo.co.jp/rss/media/dazn/all.xml,dazn,DAZN_News
https://news.yahoo.co.jp/rss/media/zdn_n/all.xml,zdn_n,ITmedia_NEWS
https://news.yahoo.co.jp/rss/media/jwave/all.xml,jwave,J-WAVE_NEWS
https://news.yahoo.co.jp/rss/media/linenews/all.xml,linenews,LINE_NEWS
https://news.yahoo.co.jp/rss/media/tokyomx/all.xml,tokyomx,TOKYO_MX
https://news.yahoo.co.jp/rss/media/zdn_m/all.xml,zdn_m,ITmedia_Mobile
https://news.yahoo.co.jp/rss/media/mimollet/all.xml,mimollet,webマガジン_mi-mollet
https://news.yahoo.co.jp/rss/media/tvlife/all.xml,tvlife,TV_LIFE_web_
https://news.yahoo.co.jp/rss/media/soccerk/all.xml,soccerk,SOCCER_KING
https://news.yahoo.co.jp/rss/media/bfj/all.xml,bfj,BuzzFeed_Japan
https://news.yahoo.co.jp/rss/media/cnetj/all.xml,cnetj,CNET_Japan
https://news.yahoo.co.jp/rss/media/coindesk/all.xml,coindesk,CoinDesk_Japan
https://news.yahoo.co.jp/rss/media/it_edn/all.xml,it_edn,EDN_Japan
https://news.yahoo.co.jp/rss/media/forbes/all.xml,forbes,Forbes_JAPAN
https://news.yahoo.co.jp/rss/media/gqjapan/all.xml,gqjapan,GQ_JAPAN
https://news.yahoo.co.jp/rss/media/ignjapan/all.xml,ignjapan,IGN_JAPAN
https://news.yahoo.co.jp/rss/media/techcrj/all.xml,techcrj,TechCrunch_Japan
https://news.yahoo.co.jp/rss/media/tjapan/all.xml,tjapan,T_JAPAN_web
https://news.yahoo.co.jp/rss/media/vogue/all.xml,vogue,VOGUE_JAPAN
https://news.yahoo.co.jp/rss/media/ycreatp/all.xml,ycreatp,Yahoo!_JAPAN_クリエイターズプログラム
https://news.yahoo.co.jp/rss/media/zdnet/all.xml,zdnet,ZDNet_Japan
https://news.yahoo.co.jp/rss/media/jindepth/all.xml,jindepth,Japan_In-depth
https://news.yahoo.co.jp/rss/media/theadline/all.xml,theadline,TOKYO_HEADLINE_WEB
https://news.yahoo.co.jp/rss/media/voguegirl/all.xml,voguegirl,VOGUE_GIRL
https://news.yahoo.co.jp/rss/media/tokyofm/all.xml,tokyofm,TOKYO_FM＋
https://news.yahoo.co.jp/rss/media/medicald/all.xml,medicald,Medical_DOC
https://news.yahoo.co.jp/rss/media/elleonline/all.xml,elleonline,ELLE_DIGITAL
https://news.yahoo.co.jp/rss/media/sdigestw/all.xml,sdigestw,SOCCER_DIGEST_Web
https://news.yahoo.co.jp/rss/media/thedigest/all.xml,thedigest,THE_DIGEST
https://news.yahoo.co.jp/rss/media/dewsv/all.xml,dewsv,ダンスニュースメディアサイト_Dews
https://news.yahoo.co.jp/rss/media/mensplus/all.xml,mensplus,MEN’S_CLUB
https://news.yahoo.co.jp/rss/media/tennisc/all.xml,tennisc,Tennis_Classic
https://news.yahoo.co.jp/rss/media/scawaii/all.xml,scawaii,S_Cawaii
https://news.yahoo.co.jp/rss/media/wcartop/all.xml,wcartop,WEB_CARTOP
https://news.yahoo.co.jp/rss/media/capa/all.xml,capa,CAPA_CAMERA_WEB
https://news.yahoo.co.jp/rss/media/it_favlog/all.xml,it_favlog,Fav-Log_by_ITmedia_
https://news.yahoo.co.jp/rss/media/kana/all.xml,kana,カナロコ_by_神奈川新聞
https://news.yahoo.co.jp/rss/media/hbolz/all.xml,hbolz,HARBOR_BUSINESS_Online
https://news.yahoo.co.jp/rss/media/casabrutus/all.xml,casabrutus,Casa_BRUTUS.com
https://news.yahoo.co.jp/rss/media/fbox/all.xml,fbox,FASHION_BOX
https://news.yahoo.co.jp/rss/media/theanswer/all.xml,theanswer,THE_ANSWER
https://news.yahoo.co.jp/rss/media/spaia/all.xml,spaia,SPAIA_AI競馬
https://news.yahoo.co.jp/rss/media/vingtcinqw/all.xml,vingtcinqw,25ansウエディング
https://news.yahoo.co.jp/rss/media/vingtcinq/all.xml,vingtcinq,25ansオンライン
https://news.yahoo.co.jp/rss/media/ntgjigen/all.xml,ntgjigen,2.5ジゲン！！
https://news.yahoo.co.jp/rss/media/krjapan/all.xml,krjapan,36Kr_Japan
https://news.yahoo.co.jp/rss/media/yonnana/all.xml,yonnana,47NEWS
https://news.yahoo.co.jp/rss/media/fyears/all.xml,fyears,4years.
https://news.yahoo.co.jp/rss/media/aba/all.xml,aba,ABA青森朝日放送
https://news.yahoo.co.jp/rss/media/asahibc/all.xml,asahibc,ABCニュース
https://news.yahoo.co.jp/rss/media/abema/all.xml,abema,ABEMA_TIMES
https://news.yahoo.co.jp/rss/media/absakita/all.xml,absakita,ABS秋田放送
https://news.yahoo.co.jp/rss/media/sasahi/all.xml,sasahi,AERA_dot.
https://news.yahoo.co.jp/rss/media/asmasahi/all.xml,asmasahi,AERA_STYLE_MAGAZINE
https://news.yahoo.co.jp/rss/media/nallabout/all.xml,nallabout,All_About
https://news.yahoo.co.jp/rss/media/allreview/all.xml,allreview,ALL_REVIEWS
https://news.yahoo.co.jp/rss/media/ampreview/all.xml,ampreview,AMP［アンプ］
https://news.yahoo.co.jp/rss/media/ananweb/all.xml,ananweb,ananweb
https://news.yahoo.co.jp/rss/media/aptsushinv/all.xml,aptsushinv,AP通信
https://news.yahoo.co.jp/rss/media/autocar/all.xml,autocar,AUTOCAR_JAPAN
https://news.yahoo.co.jp/rss/media/amweb/all.xml,amweb,Auto_Messe_Web
https://news.yahoo.co.jp/rss/media/awire/all.xml,awire,Aviation_Wire
https://news.yahoo.co.jp/rss/media/bark/all.xml,bark,BARKS
https://news.yahoo.co.jp/rss/media/geeksv/all.xml,geeksv,Baseball_Geeks
https://news.yahoo.co.jp/rss/media/bbc/all.xml,bbc,BBC_News
https://news.yahoo.co.jp/rss/media/bbcbiwakov/all.xml,bbcbiwakov,BBCびわ湖放送
https://news.yahoo.co.jp/rss/media/bbmv/all.xml,bbmv,BBM_Sports
https://news.yahoo.co.jp/rss/media/bcn/all.xml,bcn,BCN
https://news.yahoo.co.jp/rss/media/besttimes/all.xml,besttimes,ＢＥＳＴ_ＴＩＭＥＳ
https://news.yahoo.co.jp/rss/media/exp/all.xml,exp,Billboard_JAPAN
https://news.yahoo.co.jp/rss/media/bizspa/all.xml,bizspa,bizSPA！フレッシュ
https://news.yahoo.co.jp/rss/media/bookbang/all.xml,bookbang,Book_Bang
https://news.yahoo.co.jp/rss/media/webhon/all.xml,webhon,BOOKSTAND
https://news.yahoo.co.jp/rss/media/ohbsn/all.xml,ohbsn,ＢＳＮ新潟放送
https://news.yahoo.co.jp/rss/media/binsider/all.xml,binsider,BUSINESS_INSIDER_JAPAN
https://news.yahoo.co.jp/rss/media/cancam/all.xml,cancam,CanCam.jp
https://news.yahoo.co.jp/rss/media/carv/all.xml,carv,carview！
https://news.yahoo.co.jp/rss/media/cbc/all.xml,cbc,CBCテレビ
https://news.yahoo.co.jp/rss/media/cgworld/all.xml,cgworld,CGWORLD.jp
https://news.yahoo.co.jp/rss/media/cine/all.xml,cine,cinemacafe.net
https://news.yahoo.co.jp/rss/media/cinemore/all.xml,cinemore,CINEMORE
https://news.yahoo.co.jp/rss/media/cinranet/all.xml,cinranet,CINRA.NET
https://news.yahoo.co.jp/rss/media/cnaakita/all.xml,cnaakita,CNA秋田ケーブルテレビ
https://news.yahoo.co.jp/rss/media/cnn/all.xml,cnn,CNN.co.jp
https://news.yahoo.co.jp/rss/media/cyclist/all.xml,cyclist,Cyclist
https://news.yahoo.co.jp/rss/media/sdt/all.xml,sdt,Daiichi-TV（静岡第一テレビ）
https://news.yahoo.co.jp/rss/media/dancyu/all.xml,dancyu,dancyu
https://news.yahoo.co.jp/rss/media/dhbr/all.xml,dhbr,DIAMONDハーバード・ビジネス・レビュー
https://news.yahoo.co.jp/rss/media/digiday/all.xml,digiday,DIGIDAY［日本版］
https://news.yahoo.co.jp/rss/media/eat/all.xml,eat,eat愛媛朝日テレビ
https://news.yahoo.co.jp/rss/media/sh_ed/all.xml,sh_ed,EdTechZine
https://news.yahoo.co.jp/rss/media/ellegirl/all.xml,ellegirl,ELLEgirl
https://news.yahoo.co.jp/rss/media/encount/all.xml,encount,ENCOUNT
https://news.yahoo.co.jp/rss/media/esse/all.xml,esse,ESSE-online
https://news.yahoo.co.jp/rss/media/etalent/all.xml,etalent,E-TALENTBANK
https://news.yahoo.co.jp/rss/media/fashions/all.xml,fashions,FASHIONSNAP.COM
https://news.yahoo.co.jp/rss/media/fbsnews/all.xml,fbsnews,FBS福岡放送
https://news.yahoo.co.jp/rss/media/finders/all.xml,finders,FINDERS
https://news.yahoo.co.jp/rss/media/fineplayv/all.xml,fineplayv,FINEPLAY
https://news.yahoo.co.jp/rss/media/fnnprimev/all.xml,fnnprimev,FNNプライムオンライン
https://news.yahoo.co.jp/rss/media/fballista/all.xml,fballista,footballista
https://news.yahoo.co.jp/rss/media/friday/all.xml,friday,FRIDAY
https://news.yahoo.co.jp/rss/media/fullcount/all.xml,fullcount,Full-Count
https://news.yahoo.co.jp/rss/media/eipub/all.xml,eipub,FUNQ
https://news.yahoo.co.jp/rss/media/gameasahi/all.xml,gameasahi,GAMEクロス
https://news.yahoo.co.jp/rss/media/ginza/all.xml,ginza,GINZA
https://news.yahoo.co.jp/rss/media/gisele/all.xml,gisele,GISELe
https://news.yahoo.co.jp/rss/media/globeplus/all.xml,globeplus,GLOBE＋
https://news.yahoo.co.jp/rss/media/globisv/all.xml,globisv,GLOBIS知見録
https://news.yahoo.co.jp/rss/media/goal/all.xml,goal,GOAL
https://news.yahoo.co.jp/rss/media/goethe/all.xml,goethe,GOETHE
https://news.yahoo.co.jp/rss/media/hbcv/all.xml,hbcv,HBCニュース
https://news.yahoo.co.jp/rss/media/biz_coacha/all.xml,biz_coacha,Hello，Coaching！
https://news.yahoo.co.jp/rss/media/hintpot/all.xml,hintpot,Hint-Pot
https://news.yahoo.co.jp/rss/media/hometvv/all.xml,hometvv,HOME広島ホームテレビ
https://news.yahoo.co.jp/rss/media/hominis/all.xml,hominis,HOMINIS（ホミニス）
https://news.yahoo.co.jp/rss/media/htbv/all.xml,htbv,HTB北海道ニュース
https://news.yahoo.co.jp/rss/media/iat/all.xml,iat,IAT岩手朝日テレビ
https://news.yahoo.co.jp/rss/media/ibciwate/all.xml,ibciwate,IBC岩手放送
https://news.yahoo.co.jp/rss/media/infact/all.xml,infact,InFact
https://news.yahoo.co.jp/rss/media/jbpressz/all.xml,jbpressz,JBpress
https://news.yahoo.co.jp/rss/media/jct/all.xml,jct,J-CASTニュース
https://news.yahoo.co.jp/rss/media/kab/all.xml,kab,KAB熊本朝日放送
https://news.yahoo.co.jp/rss/media/kaiyou/all.xml,kaiyou,KAI-YOU.net
https://news.yahoo.co.jp/rss/media/khbv/all.xml,khbv,KHB東日本放送
https://news.yahoo.co.jp/rss/media/kkbv/all.xml,kkbv,KKB鹿児島放送
https://news.yahoo.co.jp/rss/media/kkt/all.xml,kkt,ＫＫＴ熊本県民テレビ
https://news.yahoo.co.jp/rss/media/kry/all.xml,kry,ＫＲＹ山口放送
https://news.yahoo.co.jp/rss/media/ksbv/all.xml,ksbv,KSB瀬戸内海放送
https://news.yahoo.co.jp/rss/media/ktn/all.xml,ktn,KTNテレビ長崎
https://news.yahoo.co.jp/rss/media/kufura/all.xml,kufura,kufura
https://news.yahoo.co.jp/rss/media/kytnews/all.xml,kytnews,ＫＹＴ鹿児島読売テレビ
https://news.yahoo.co.jp/rss/media/leon/all.xml,leon,LEON.JP
https://news.yahoo.co.jp/rss/media/toushin/all.xml,toushin,LIMO
https://news.yahoo.co.jp/rss/media/lmaga/all.xml,lmaga,Lmaga.jp
https://news.yahoo.co.jp/rss/media/mthree/all.xml,mthree,m3.com
https://news.yahoo.co.jp/rss/media/sh_mar/all.xml,sh_mar,MarkeZine
https://news.yahoo.co.jp/rss/media/mbcnews/all.xml,mbcnews,MBC南日本放送
https://news.yahoo.co.jp/rss/media/mbsnews/all.xml,mbsnews,MBSニュース
https://news.yahoo.co.jp/rss/media/mbrasiln/all.xml,mbrasiln,MEGABRASIL
https://news.yahoo.co.jp/rss/media/meijinet/all.xml,meijinet,Meiji.net
https://news.yahoo.co.jp/rss/media/minkeiv/all.xml,minkeiv,MINKEITV
https://news.yahoo.co.jp/rss/media/mlb/all.xml,mlb,MLB.jp
https://news.yahoo.co.jp/rss/media/sh_mon/all.xml,sh_mon,MONEYzine
https://news.yahoo.co.jp/rss/media/it_monoist/all.xml,it_monoist,MONOist
https://news.yahoo.co.jp/rss/media/mrov/all.xml,mrov,MRO北陸放送
https://news.yahoo.co.jp/rss/media/mrt/all.xml,mrt,MRT宮崎放送
https://news.yahoo.co.jp/rss/media/musicv/all.xml,musicv,MusicVoice
https://news.yahoo.co.jp/rss/media/nbcv/all.xml,nbcv,NBC長崎放送
https://news.yahoo.co.jp/rss/media/nbstv/all.xml,nbstv,NBS長野放送
https://news.yahoo.co.jp/rss/media/newspicksn/all.xml,newspicksn,NewsPicks
https://news.yahoo.co.jp/rss/media/newstkb/all.xml,newstkb,NEWSつくば
https://news.yahoo.co.jp/rss/media/pseven/all.xml,pseven,NEWSポストセブン
https://news.yahoo.co.jp/rss/media/nfljapan/all.xml,nfljapan,NFL公式サイト日本語版
https://news.yahoo.co.jp/rss/media/nhktextv/all.xml,nhktextv,NHKテキストビュー
https://news.yahoo.co.jp/rss/media/nipponcom/all.xml,nipponcom,nippon.com
https://news.yahoo.co.jp/rss/media/nosweb/all.xml,nosweb,Nosweb.jp
https://news.yahoo.co.jp/rss/media/ynpopj/all.xml,ynpopj,NPOの知らせる力プロジェクト
https://news.yahoo.co.jp/rss/media/nrin/all.xml,nrin,NRI研究員の時事解説
https://news.yahoo.co.jp/rss/media/nsttv/all.xml,nsttv,ＮＳＴ新潟総合テレビ
https://news.yahoo.co.jp/rss/media/oabv/all.xml,oabv,ＯＡＢ大分朝日放送
https://news.yahoo.co.jp/rss/media/oceans/all.xml,oceans,OCEANS
https://news.yahoo.co.jp/rss/media/octane/all.xml,octane,octane.jp
https://news.yahoo.co.jp/rss/media/ohk/all.xml,ohk,OHK岡山放送
https://news.yahoo.co.jp/rss/media/okm/all.xml,okm,OKMusic
https://news.yahoo.co.jp/rss/media/otocoto/all.xml,otocoto,otocoto
https://news.yahoo.co.jp/rss/media/ourage/all.xml,ourage,OurAge
https://news.yahoo.co.jp/rss/media/php_s/all.xml,php_s,PHPオンライン衆知
https://news.yahoo.co.jp/rss/media/php_t/all.xml,php_t,PHPオンライン衆知（THE21）
https://news.yahoo.co.jp/rss/media/voice/all.xml,voice,PHPオンライン衆知（Voice）
https://news.yahoo.co.jp/rss/media/php_r/all.xml,php_r,PHPオンライン衆知（歴史街道）
https://news.yahoo.co.jp/rss/media/phpfamily/all.xml,phpfamily,ＰＨＰファミリー
https://news.yahoo.co.jp/rss/media/rallysv/all.xml,rallysv,Rallys
https://news.yahoo.co.jp/rss/media/rbc/all.xml,rbc,RBC琉球放送
https://news.yahoo.co.jp/rss/media/rccv/all.xml,rccv,RCC中国放送
https://news.yahoo.co.jp/rss/media/relifenet/all.xml,relifenet,Reライフ.net
https://news.yahoo.co.jp/rss/media/rkbv/all.xml,rkbv,RKB毎日放送
https://news.yahoo.co.jp/rss/media/rkckochi/all.xml,rkckochi,RKC高知放送
https://news.yahoo.co.jp/rss/media/rkk/all.xml,rkk,RKK熊本放送
https://news.yahoo.co.jp/rss/media/rorock/all.xml,rorock,rockinon.com
https://news.yahoo.co.jp/rss/media/fsi/all.xml,fsi,SankeiBiz
https://news.yahoo.co.jp/rss/media/sbc/all.xml,sbc,ＳＢＣ信越放送
https://news.yahoo.co.jp/rss/media/scan/all.xml,scan,ScanNetSecurity
https://news.yahoo.co.jp/rss/media/sippo/all.xml,sippo,sippo
https://news.yahoo.co.jp/rss/media/stv/all.xml,stv,STVニュース北海道
https://news.yahoo.co.jp/rss/media/suitsw/all.xml,suitsw,Suits-woman.jp
https://news.yahoo.co.jp/rss/media/suumoj/all.xml,suumoj,SUUMOジャーナル
https://news.yahoo.co.jp/rss/media/tbcv/all.xml,tbcv,tbc東北放送
https://news.yahoo.co.jp/rss/media/zdn_tt/all.xml,zdn_tt,TechTargetジャパン
https://news.yahoo.co.jp/rss/media/telling/all.xml,telling,telling，
https://news.yahoo.co.jp/rss/media/tenki/all.xml,tenki,tenki.jp
https://news.yahoo.co.jp/rss/media/tennisnet/all.xml,tennisnet,tennis365.net
https://news.yahoo.co.jp/rss/media/teny/all.xml,teny,TeNYテレビ新潟
https://news.yahoo.co.jp/rss/media/theworldw/all.xml,theworldw,theWORLD（ザ・ワールドWeb）
https://news.yahoo.co.jp/rss/media/tku/all.xml,tku,TKUテレビ熊本
https://news.yahoo.co.jp/rss/media/tncv/all.xml,tncv,TNCテレビ西日本
https://news.yahoo.co.jp/rss/media/tsk/all.xml,tsk,TSKさんいん中央テレビ
https://news.yahoo.co.jp/rss/media/tvk/all.xml,tvk,tvkニュース（テレビ神奈川）
https://news.yahoo.co.jp/rss/media/tys/all.xml,tys,ｔｙｓテレビ山口
https://news.yahoo.co.jp/rss/media/utyv/all.xml,utyv,UTYテレビ山梨
https://news.yahoo.co.jp/rss/media/niigatatvv/all.xml,niigatatvv,UX新潟テレビ21
https://news.yahoo.co.jp/rss/media/victory/all.xml,victory,VICTORY
https://news.yahoo.co.jp/rss/media/voce/all.xml,voce,VOCE
https://news.yahoo.co.jp/rss/media/chronos/all.xml,chronos,webChronos
https://news.yahoo.co.jp/rss/media/webuomo/all.xml,webuomo,WEBUOMO
https://news.yahoo.co.jp/rss/media/autoby/all.xml,autoby,webオートバイ
https://news.yahoo.co.jp/rss/media/sportiva/all.xml,sportiva,webスポルティーバ
https://news.yahoo.co.jp/rss/media/webtan/all.xml,webtan,Web担当者Forum
https://news.yahoo.co.jp/rss/media/webtoo/all.xml,webtoo,Web東奥
https://news.yahoo.co.jp/rss/media/mmagazine/all.xml,mmagazine,Webモーターマガジン
https://news.yahoo.co.jp/rss/media/webym/all.xml,webym,WEBヤングマシン
https://news.yahoo.co.jp/rss/media/wedge/all.xml,wedge,Wedge
https://news.yahoo.co.jp/rss/media/wired/all.xml,wired,WIRED.jp
https://news.yahoo.co.jp/rss/media/withnews/all.xml,withnews,withnews
https://news.yahoo.co.jp/rss/media/wow/all.xml,wow,WoW!Korea
https://news.yahoo.co.jp/rss/media/wwdjapan/all.xml,wwdjapan,WWDJAPAN.com
https://news.yahoo.co.jp/rss/media/yabv/all.xml,yabv,yab山口朝日放送
https://news.yahoo.co.jp/rss/media/ybc/all.xml,ybc,YBC山形放送
https://news.yahoo.co.jp/rss/media/yts/all.xml,yts,YTS山形テレビ
https://news.yahoo.co.jp/rss/media/itv/all.xml,itv,あいテレビ
https://news.yahoo.co.jp/rss/media/rab/all.xml,rab,青森放送
https://news.yahoo.co.jp/rss/media/aab/all.xml,aab,秋田朝日放送
https://news.yahoo.co.jp/rss/media/akt/all.xml,akt,秋田テレビ
https://news.yahoo.co.jp/rss/media/edua/all.xml,edua,朝日新聞EduA
https://news.yahoo.co.jp/rss/media/asahiand/all.xml,asahiand,朝日新聞デジタル＆［アンド］
https://news.yahoo.co.jp/rss/media/asiap/all.xml,asiap,アジアプレス・ネットワーク
https://news.yahoo.co.jp/rss/media/ascii/all.xml,ascii,アスキー
https://news.yahoo.co.jp/rss/media/dime/all.xml,dime,＠ＤＩＭＥ
https://news.yahoo.co.jp/rss/media/zdn_ait/all.xml,zdn_ait,＠IT
https://news.yahoo.co.jp/rss/media/at_s/all.xml,at_s,あなたの静岡新聞
https://news.yahoo.co.jp/rss/media/anmanmv/all.xml,anmanmv,アニメ！アニメ！
https://news.yahoo.co.jp/rss/media/animage/all.xml,animage,アニメージュプラス
https://news.yahoo.co.jp/rss/media/storyfulv/all.xml,storyfulv,アフロ
https://news.yahoo.co.jp/rss/media/amami/all.xml,amami,奄美新聞
https://news.yahoo.co.jp/rss/media/andgp/all.xml,andgp,＆GP
https://news.yahoo.co.jp/rss/media/ishikawa/all.xml,ishikawa,石川テレビ
https://news.yahoo.co.jp/rss/media/izu/all.xml,izu,伊豆新聞
https://news.yahoo.co.jp/rss/media/isenp/all.xml,isenp,伊勢新聞
https://news.yahoo.co.jp/rss/media/ibaraki/all.xml,ibaraki,茨城新聞クロスアイ
https://news.yahoo.co.jp/rss/media/cbn/all.xml,cbn,医療介護ＣＢニュース
https://news.yahoo.co.jp/rss/media/elevenspo/all.xml,elevenspo,イレブンスポーツ
https://news.yahoo.co.jp/rss/media/iwanichi/all.xml,iwanichi,岩手日日新聞社
https://news.yahoo.co.jp/rss/media/iwatenpv/all.xml,iwatenpv,岩手日報
https://news.yahoo.co.jp/rss/media/isd/all.xml,isd,インサイド
https://news.yahoo.co.jp/rss/media/gbr/all.xml,gbr,イーファイト
https://news.yahoo.co.jp/rss/media/womensh/all.xml,womensh,ウィメンズヘルス
https://news.yahoo.co.jp/rss/media/weather/all.xml,weather,ウェザーニュース
https://news.yahoo.co.jp/rss/media/wmap/all.xml,wmap,ウェザーマップ
https://news.yahoo.co.jp/rss/media/tkwalk/all.xml,tkwalk,ウォーカープラス
https://news.yahoo.co.jp/rss/media/wsj/all.xml,wsj,ウォール・ストリート・ジャーナル日本版
https://news.yahoo.co.jp/rss/media/watchlife/all.xml,watchlife,ウオッチライフニュース
https://news.yahoo.co.jp/rss/media/ubenippo/all.xml,ubenippo,宇部日報
https://news.yahoo.co.jp/rss/media/eiga/all.xml,eiga,映画.com
https://news.yahoo.co.jp/rss/media/nataliee/all.xml,nataliee,映画ナタリー
https://news.yahoo.co.jp/rss/media/exmusic/all.xml,exmusic,エキサイトニュース
https://news.yahoo.co.jp/rss/media/ehime/all.xml,ehime,愛媛新聞ONLINE
https://news.yahoo.co.jp/rss/media/entame/all.xml,entame,エンタメNEXT
https://news.yahoo.co.jp/rss/media/tvfan/all.xml,tvfan,エンタメOVO
https://news.yahoo.co.jp/rss/media/mjikenbo/all.xml,mjikenbo,大分合同新聞
https://news.yahoo.co.jp/rss/media/okinawat/all.xml,okinawat,沖縄タイムス
https://news.yahoo.co.jp/rss/media/otv/all.xml,otv,沖縄テレビOTV
https://news.yahoo.co.jp/rss/media/qab/all.xml,qab,沖縄ニュースQAB
https://news.yahoo.co.jp/rss/media/matomeshi/all.xml,matomeshi,おとなの週末
https://news.yahoo.co.jp/rss/media/otonans/all.xml,otonans,オトナンサー
https://news.yahoo.co.jp/rss/media/oric/all.xml,oric,オリコン
https://news.yahoo.co.jp/rss/media/alterna/all.xml,alterna,オルタナ
https://news.yahoo.co.jp/rss/media/natalieo/all.xml,natalieo,お笑いナタリー
https://news.yahoo.co.jp/rss/media/ongakuto/all.xml,ongakuto,音楽と人
https://news.yahoo.co.jp/rss/media/natalien/all.xml,natalien,音楽ナタリー
https://news.yahoo.co.jp/rss/media/rcg/all.xml,rcg,オートスポーツweb
https://news.yahoo.co.jp/rss/media/ovo/all.xml,ovo,オーヴォ
https://news.yahoo.co.jp/rss/media/kts/all.xml,kts,鹿児島ニュースＫＴＳ
https://news.yahoo.co.jp/rss/media/kateigaho/all.xml,kateigaho,家庭画報.com
https://news.yahoo.co.jp/rss/media/kantele/all.xml,kantele,関西テレビ
https://news.yahoo.co.jp/rss/media/kansensho/all.xml,kansensho,感染症・予防接種ナビ
https://news.yahoo.co.jp/rss/media/kanpara/all.xml,kanpara,カンパラプレス
https://news.yahoo.co.jp/rss/media/kitanihon/all.xml,kitanihon,北日本新聞
https://news.yahoo.co.jp/rss/media/knb/all.xml,knb,北日本放送
https://news.yahoo.co.jp/rss/media/kinejun/all.xml,kinejun,キネマ旬報WEB
https://news.yahoo.co.jp/rss/media/kbcv/all.xml,kbcv,九州朝日放送
https://news.yahoo.co.jp/rss/media/kyousemi/all.xml,kyousemi,教員養成セミナー
https://news.yahoo.co.jp/rss/media/kyodonews/all.xml,kyodonews,共同通信
https://news.yahoo.co.jp/rss/media/giz/all.xml,giz,ギズモード・ジャパン
https://news.yahoo.co.jp/rss/media/gifuweb/all.xml,gifuweb,岐阜新聞Ｗｅｂ
https://news.yahoo.co.jp/rss/media/gifuchan/all.xml,gifuchan,ぎふチャンDIGITAL
https://news.yahoo.co.jp/rss/media/kumanichi/all.xml,kumanichi,熊本日日新聞
https://news.yahoo.co.jp/rss/media/crankinn/all.xml,crankinn,クランクイン！
https://news.yahoo.co.jp/rss/media/parkblog/all.xml,parkblog,くるくら
https://news.yahoo.co.jp/rss/media/kurumans/all.xml,kurumans,くるまのニュース
https://news.yahoo.co.jp/rss/media/crssntv/all.xml,crssntv,クロワッサンオンライン
https://news.yahoo.co.jp/rss/media/courrier/all.xml,courrier,クーリエ・ジャポン
https://news.yahoo.co.jp/rss/media/gtv/all.xml,gtv,群馬テレビ
https://news.yahoo.co.jp/rss/media/keibana/all.xml,keibana,競馬のおはなし
https://news.yahoo.co.jp/rss/media/kenkoshin/all.xml,kenkoshin,健康産業新聞
https://news.yahoo.co.jp/rss/media/kenkosoku/all.xml,kenkosoku,健康産業速報
https://news.yahoo.co.jp/rss/media/gekisaka/all.xml,gekisaka,ゲキサカ
https://news.yahoo.co.jp/rss/media/nbpvbball/all.xml,nbpvbball,月刊バレーボール＆月刊バスケットボール
https://news.yahoo.co.jp/rss/media/getsuriku/all.xml,getsuriku,月刊陸上競技
https://news.yahoo.co.jp/rss/media/gendaibiz/all.xml,gendaibiz,現代ビジネス
https://news.yahoo.co.jp/rss/media/gonline/all.xml,gonline,幻冬舎ゴールドオンライン
https://news.yahoo.co.jp/rss/media/kksoccer/all.xml,kksoccer,高校サッカードットコム
https://news.yahoo.co.jp/rss/media/koukousei/all.xml,koukousei,高校生新聞オンライン
https://news.yahoo.co.jp/rss/media/hbnippon/all.xml,hbnippon,高校野球ドットコム
https://news.yahoo.co.jp/rss/media/bookasahi/all.xml,bookasahi,好書好日
https://news.yahoo.co.jp/rss/media/kjn/all.xml,kjn,講談社　JOSEISHI.NET
https://news.yahoo.co.jp/rss/media/newskss/all.xml,newskss,高知さんさんテレビ
https://news.yahoo.co.jp/rss/media/cosmopoli/all.xml,cosmopoli,コスモポリタン
https://news.yahoo.co.jp/rss/media/nataliec/all.xml,nataliec,コミックナタリー
https://news.yahoo.co.jp/rss/media/alba/all.xml,alba,ゴルフ情報ALBA.Net
https://news.yahoo.co.jp/rss/media/gdo/all.xml,gdo,ゴルフダイジェスト・オンライン（GDO）
https://news.yahoo.co.jp/rss/media/golfnw/all.xml,golfnw,ゴルフネットワーク
https://news.yahoo.co.jp/rss/media/gkakutogi/all.xml,gkakutogi,ゴング格闘技
https://news.yahoo.co.jp/rss/media/saitama/all.xml,saitama,埼玉新聞
https://news.yahoo.co.jp/rss/media/saga/all.xml,saga,佐賀新聞
https://news.yahoo.co.jp/rss/media/sakuranbo/all.xml,sakuranbo,さくらんぼテレビ
https://news.yahoo.co.jp/rss/media/soccerh/all.xml,soccerh,サッカー批評Web
https://news.yahoo.co.jp/rss/media/soccerm/all.xml,soccerm,サッカーマガジンWeb
https://news.yahoo.co.jp/rss/media/seraijp/all.xml,seraijp,サライ.jp
https://news.yahoo.co.jp/rss/media/saninchuo/all.xml,saninchuo,山陰中央新報
https://news.yahoo.co.jp/rss/media/san/all.xml,san,産経新聞
https://news.yahoo.co.jp/rss/media/sanspo/all.xml,sanspo,サンケイスポーツ
https://news.yahoo.co.jp/rss/media/suntvv/all.xml,suntvv,サンテレビ
https://news.yahoo.co.jp/rss/media/sanyo/all.xml,sanyo,山陽新聞デジタル
https://news.yahoo.co.jp/rss/media/the_tv/all.xml,the_tv,ザテレビジョン
https://news.yahoo.co.jp/rss/media/scafe/all.xml,scafe,シェアーズカフェ・オンライン
https://news.yahoo.co.jp/rss/media/satvv/all.xml,satvv,静岡朝日テレビ
https://news.yahoo.co.jp/rss/media/sbsv/all.xml,sbsv,静岡放送（SBS）
https://news.yahoo.co.jp/rss/media/flix/all.xml,flix,シネマトゥデイ
https://news.yahoo.co.jp/rss/media/soon/all.xml,soon,下野新聞SOON
https://news.yahoo.co.jp/rss/media/sspa/all.xml,sspa,週刊SPA!
https://news.yahoo.co.jp/rss/media/kinyobi/all.xml,kinyobi,週刊金曜日
https://news.yahoo.co.jp/rss/media/stoyos/all.xml,stoyos,週刊東洋経済
https://news.yahoo.co.jp/rss/media/baseballo/all.xml,baseballo,週刊ベースボールONLINE
https://news.yahoo.co.jp/rss/media/sjournal/all.xml,sjournal,就職ジャーナル
https://news.yahoo.co.jp/rss/media/playboyz/all.xml,playboyz,週プレNEWS
https://news.yahoo.co.jp/rss/media/jprime/all.xml,jprime,週刊女性PRIME
https://news.yahoo.co.jp/rss/media/ssnp/all.xml,ssnp,食品産業新聞社ニュースWEB
https://news.yahoo.co.jp/rss/media/shokuhin/all.xml,shokuhin,食品新聞
https://news.yahoo.co.jp/rss/media/syokuraku/all.xml,syokuraku,食楽web
https://news.yahoo.co.jp/rss/media/srnijugo/all.xml,srnijugo,新R25
https://news.yahoo.co.jp/rss/media/jomo/all.xml,jomo,上毛新聞
https://news.yahoo.co.jp/rss/media/jspa/all.xml,jspa,女子SPA！
https://news.yahoo.co.jp/rss/media/natalies/all.xml,natalies,ステージナタリー
https://news.yahoo.co.jp/rss/media/spport/all.xml,spport,スポチュニティコラム
https://news.yahoo.co.jp/rss/media/spnannex/all.xml,spnannex,スポニチアネックス
https://news.yahoo.co.jp/rss/media/spnaviv/all.xml,spnaviv,スポーツナビ
https://news.yahoo.co.jp/rss/media/sph/all.xml,sph,スポーツ報知
https://news.yahoo.co.jp/rss/media/biz_it_sj/all.xml,biz_it_sj,スマートジャパン
https://news.yahoo.co.jp/rss/media/seijiyama/all.xml,seijiyama,政治山
https://news.yahoo.co.jp/rss/media/senkyocom/all.xml,senkyocom,選挙ドットコム
https://news.yahoo.co.jp/rss/media/oxv/all.xml,oxv,仙台放送
https://news.yahoo.co.jp/rss/media/zeiricom/all.xml,zeiricom,税理士ドットコム
https://news.yahoo.co.jp/rss/media/souzoku/all.xml,souzoku,相続会議
https://news.yahoo.co.jp/rss/media/socialinv/all.xml,socialinv,ソーシャル・イノベーション・ニュース
https://news.yahoo.co.jp/rss/media/worldtt/all.xml,worldtt,卓球王国
https://news.yahoo.co.jp/rss/media/tabelog/all.xml,tabelog,食べログマガジン
https://news.yahoo.co.jp/rss/media/tamahiyo/all.xml,tamahiyo,たまひよONLINE
https://news.yahoo.co.jp/rss/media/tanba/all.xml,tanba,丹波新聞
https://news.yahoo.co.jp/rss/media/diamond/all.xml,diamond,ダイヤモンド・オンライン
https://news.yahoo.co.jp/rss/media/dzai/all.xml,dzai,ダイヤモンド・ザイ
https://news.yahoo.co.jp/rss/media/diamondf/all.xml,diamondf,ダイヤモンド不動産研究所
https://news.yahoo.co.jp/rss/media/pia/all.xml,pia,チケットぴあ
https://news.yahoo.co.jp/rss/media/chibatele/all.xml,chibatele,チバテレ
https://news.yahoo.co.jp/rss/media/chibach/all.xml,chibach,ちばとぴ！ニュース
https://news.yahoo.co.jp/rss/media/chibatopi/all.xml,chibatopi,千葉日報オンライン
https://news.yahoo.co.jp/rss/media/chuokou/all.xml,chuokou,中央公論
https://news.yahoo.co.jp/rss/media/ftaiwan/all.xml,ftaiwan,中央社フォーカス台湾
https://news.yahoo.co.jp/rss/media/cnippou/all.xml,cnippou,中央日報日本語版
https://news.yahoo.co.jp/rss/media/chukaiv/all.xml,chukaiv,中海テレビ放送
https://news.yahoo.co.jp/rss/media/ctvg/all.xml,ctvg,中京テレビ
https://news.yahoo.co.jp/rss/media/ctv/all.xml,ctv,中京テレビＮＥＷＳ
https://news.yahoo.co.jp/rss/media/chugoku/all.xml,chugoku,中国新聞デジタル
https://news.yahoo.co.jp/rss/media/chuspo/all.xml,chuspo,中日スポーツ
https://news.yahoo.co.jp/rss/media/chukei/all.xml,chukei,中部経済新聞
https://news.yahoo.co.jp/rss/media/tuliptv/all.xml,tuliptv,チューリップテレビ
https://news.yahoo.co.jp/rss/media/usoccer/all.xml,usoccer,超WORLDサッカー！
https://news.yahoo.co.jp/rss/media/choani/all.xml,choani,超！アニメディア
https://news.yahoo.co.jp/rss/media/chosun/all.xml,chosun,朝鮮日報日本語版
https://news.yahoo.co.jp/rss/media/tsugino/all.xml,tsugino,ツギノジダイ
https://news.yahoo.co.jp/rss/media/tsukuru/all.xml,tsukuru,創
https://news.yahoo.co.jp/rss/media/teikokudb/all.xml,teikokudb,帝国データバンク
https://news.yahoo.co.jp/rss/media/tekkou/all.xml,tekkou,鉄鋼新聞
https://news.yahoo.co.jp/rss/media/tetsucom/all.xml,tetsucom,鉄道コム
https://news.yahoo.co.jp/rss/media/tennismagv/all.xml,tennismagv,テニスマガジンONLINE
https://news.yahoo.co.jp/rss/media/asapostv/all.xml,asapostv,テレ朝POST
https://news.yahoo.co.jp/rss/media/teletama/all.xml,teletama,テレ玉
https://news.yahoo.co.jp/rss/media/tvtnews/all.xml,tvtnews,テレ東NEWS
https://news.yahoo.co.jp/rss/media/tvtplus/all.xml,tvtplus,テレ東プラス
https://news.yahoo.co.jp/rss/media/ann/all.xml,ann,テレビ朝日系（ANN）
https://news.yahoo.co.jp/rss/media/tvi/all.xml,tvi,テレビ岩手ニュース
https://news.yahoo.co.jp/rss/media/ebc/all.xml,ebc,テレビ愛媛
https://news.yahoo.co.jp/rss/media/tvosaka/all.xml,tvosaka,テレビ大阪ニュース
https://news.yahoo.co.jp/rss/media/ktk/all.xml,ktk,テレビ金沢
https://news.yahoo.co.jp/rss/media/kutv/all.xml,kutv,テレビ高知
https://news.yahoo.co.jp/rss/media/sut/all.xml,sut,テレビ静岡NEWS
https://news.yahoo.co.jp/rss/media/tssv/all.xml,tssv,テレビ新広島
https://news.yahoo.co.jp/rss/media/tvtokyos/all.xml,tvtokyos,テレビ東京スポーツ
https://news.yahoo.co.jp/rss/media/tuf/all.xml,tuf,テレビユー福島
https://news.yahoo.co.jp/rss/media/wakayamav/all.xml,wakayamav,テレビ和歌山
https://news.yahoo.co.jp/rss/media/shincho/all.xml,shincho,デイリー新潮
https://news.yahoo.co.jp/rss/media/devi/all.xml,devi,デビュー
https://news.yahoo.co.jp/rss/media/denfami/all.xml,denfami,電ファミニコゲーマー
https://news.yahoo.co.jp/rss/media/dtohoku/all.xml,dtohoku,デーリー東北新聞社
https://news.yahoo.co.jp/rss/media/tokai/all.xml,tokai,東海テレビ
https://news.yahoo.co.jp/rss/media/biz_shoko/all.xml,biz_shoko,東京商工リサーチ
https://news.yahoo.co.jp/rss/media/tkybgmnv/all.xml,tkybgmnv,東京バーゲンマニア
https://news.yahoo.co.jp/rss/media/tospoweb/all.xml,tospoweb,東スポWeb
https://news.yahoo.co.jp/rss/media/toyo/all.xml,toyo,東洋経済オンライン
https://news.yahoo.co.jp/rss/media/kachimai/all.xml,kachimai,十勝毎日新聞　電子版
https://news.yahoo.co.jp/rss/media/tokushimav/all.xml,tokushimav,徳島新聞
https://news.yahoo.co.jp/rss/media/tochitele/all.xml,tochitele,とちぎテレビ
https://news.yahoo.co.jp/rss/media/tomamin/all.xml,tomamin,苫小牧民報
https://news.yahoo.co.jp/rss/media/bbt/all.xml,bbt,富山テレビ
https://news.yahoo.co.jp/rss/media/travelv/all.xml,travelv,トラベルボイス
https://news.yahoo.co.jp/rss/media/dospo/all.xml,dospo,道新スポーツ
https://news.yahoo.co.jp/rss/media/driverweb/all.xml,driverweb,ドライバーWeb
https://news.yahoo.co.jp/rss/media/nakamaaru/all.xml,nakamaaru,なかまぁる
https://news.yahoo.co.jp/rss/media/nib/all.xml,nib,長崎国際テレビ
https://news.yahoo.co.jp/rss/media/nagasaki/all.xml,nagasaki,長崎新聞
https://news.yahoo.co.jp/rss/media/ncctv/all.xml,ncctv,長崎文化放送
https://news.yahoo.co.jp/rss/media/naganonp/all.xml,naganonp,長野日報
https://news.yahoo.co.jp/rss/media/tvn/all.xml,tvn,奈良テレビ放送
https://news.yahoo.co.jp/rss/media/nankainn/all.xml,nankainn,南海日日新聞
https://news.yahoo.co.jp/rss/media/rnb/all.xml,rnb,南海放送
https://news.yahoo.co.jp/rss/media/nishinp/all.xml,nishinp,西日本新聞
https://news.yahoo.co.jp/rss/media/nishispo/all.xml,nishispo,西日本スポーツ
https://news.yahoo.co.jp/rss/media/nkgendai/all.xml,nkgendai,日刊ゲンダイDIGITAL
https://news.yahoo.co.jp/rss/media/nkogyo/all.xml,nkogyo,日刊工業新聞電子版
https://news.yahoo.co.jp/rss/media/sangyo/all.xml,sangyo,日刊産業新聞
https://news.yahoo.co.jp/rss/media/netdenjd/all.xml,netdenjd,日刊自動車新聞
https://news.yahoo.co.jp/rss/media/nksports/all.xml,nksports,日刊スポーツ
https://news.yahoo.co.jp/rss/media/woman/all.xml,woman,日経ARIA
https://news.yahoo.co.jp/rss/media/nkbizgate/all.xml,nkbizgate,日経BizGate
https://news.yahoo.co.jp/rss/media/nkctrend/all.xml,nkctrend,日経クロストレンド
https://news.yahoo.co.jp/rss/media/gooday/all.xml,gooday,日経グッデイ
https://news.yahoo.co.jp/rss/media/nikkey/all.xml,nikkey,ニッケイ新聞
https://news.yahoo.co.jp/rss/media/business/all.xml,business,日経ビジネス
https://news.yahoo.co.jp/rss/media/nshaberu/all.xml,nshaberu,ニッポン放送
https://news.yahoo.co.jp/rss/media/nkt/all.xml,nkt,日本海テレビ
https://news.yahoo.co.jp/rss/media/nissyoku/all.xml,nissyoku,日本食糧新聞
https://news.yahoo.co.jp/rss/media/agrinews/all.xml,agrinews,日本農業新聞
https://news.yahoo.co.jp/rss/media/biz_jinji/all.xml,biz_jinji,日本の人事部
https://news.yahoo.co.jp/rss/media/newswitch/all.xml,newswitch,ニュースイッチ
https://news.yahoo.co.jp/rss/media/socra/all.xml,socra,ニュースソクラ
https://news.yahoo.co.jp/rss/media/newsweek/all.xml,newsweek,ニューズウィーク日本版
https://news.yahoo.co.jp/rss/media/netshop/all.xml,netshop,ネットショップ担当者フォーラム
https://news.yahoo.co.jp/rss/media/it_nlab/all.xml,it_nlab,ねとらぼ
https://news.yahoo.co.jp/rss/media/norimono/all.xml,norimono,乗りものニュース
https://news.yahoo.co.jp/rss/media/hakoshin/all.xml,hakoshin,函館新聞電子版
https://news.yahoo.co.jp/rss/media/huffpost/all.xml,huffpost,ハフポスト日本版
https://news.yahoo.co.jp/rss/media/halmek/all.xml,halmek,ハルメクWEB
https://news.yahoo.co.jp/rss/media/hankyoreh/all.xml,hankyoreh,ハンギョレ新聞
https://news.yahoo.co.jp/rss/media/bikeno/all.xml,bikeno,バイクのニュース
https://news.yahoo.co.jp/rss/media/basket/all.xml,basket,バスケット・カウント
https://news.yahoo.co.jp/rss/media/bballk/all.xml,bballk,バスケットボールキング
https://news.yahoo.co.jp/rss/media/bbspirits/all.xml,bbspirits,バスケットボールスピリッツ
https://news.yahoo.co.jp/rss/media/battlen/all.xml,battlen,バトル・ニュース
https://news.yahoo.co.jp/rss/media/badspi/all.xml,badspi,バド×スピ！／バドミントン・マガジン
https://news.yahoo.co.jp/rss/media/vbnext/all.xml,vbnext,バレーボールNEXt
https://news.yahoo.co.jp/rss/media/vbm/all.xml,vbm,バレーボールマガジン
https://news.yahoo.co.jp/rss/media/hathlete/all.xml,hathlete,広島アスリートマガジン
https://news.yahoo.co.jp/rss/media/htv/all.xml,htv,広島テレビ　ニュース
https://news.yahoo.co.jp/rss/media/biz_plus/all.xml,biz_plus,ビジネス＋IT
https://news.yahoo.co.jp/rss/media/btecho/all.xml,btecho,美術手帖
https://news.yahoo.co.jp/rss/media/videonewsv/all.xml,videonewsv,ビデオニュース・ドットコム
https://news.yahoo.co.jp/rss/media/piaeigat/all.xml,piaeigat,ぴあ
https://news.yahoo.co.jp/rss/media/ffield/all.xml,ffield,ファイナンシャルフィールド
https://news.yahoo.co.jp/rss/media/fanfun/all.xml,fanfun,ファンファン福岡
https://news.yahoo.co.jp/rss/media/figaro/all.xml,figaro,フィガロジャポン
https://news.yahoo.co.jp/rss/media/fukui/all.xml,fukui,福井新聞ＯＮＬＩＮＥ
https://news.yahoo.co.jp/rss/media/ftb/all.xml,ftb,福井テレビ
https://news.yahoo.co.jp/rss/media/fukushi/all.xml,fukushi,福祉新聞
https://news.yahoo.co.jp/rss/media/fct/all.xml,fct,福島中央テレビ
https://news.yahoo.co.jp/rss/media/ftv/all.xml,ftv,福島テレビ
https://news.yahoo.co.jp/rss/media/fminpo/all.xml,fminpo,福島民報
https://news.yahoo.co.jp/rss/media/minyu/all.xml,minyu,福島民友新聞
https://news.yahoo.co.jp/rss/media/fujingaho/all.xml,fujingaho,婦人画報
https://news.yahoo.co.jp/rss/media/fujinjp/all.xml,fujinjp,婦人公論.jp
https://news.yahoo.co.jp/rss/media/futaman/all.xml,futaman,ふたまん＋
https://news.yahoo.co.jp/rss/media/footballc/all.xml,footballc,フットボールチャンネル
https://news.yahoo.co.jp/rss/media/bunshun/all.xml,bunshun,文春オンライン
https://news.yahoo.co.jp/rss/media/president/all.xml,president,プレジデントオンライン
https://news.yahoo.co.jp/rss/media/bestcar/all.xml,bestcar,ベストカーWeb
https://news.yahoo.co.jp/rss/media/bengocom/all.xml,bengocom,弁護士ドットコムニュース
https://news.yahoo.co.jp/rss/media/baseballk/all.xml,baseballk,ベースボールキング
https://news.yahoo.co.jp/rss/media/baseballc/all.xml,baseballc,ベースボールチャンネル
https://news.yahoo.co.jp/rss/media/behindp/all.xml,behindp,報道写真ギャラリーBEHIND
https://news.yahoo.co.jp/rss/media/hokuriku/all.xml,hokuriku,北陸新幹線で行こう！　北陸・信越観光ナビ
https://news.yahoo.co.jp/rss/media/doshin/all.xml,doshin,北海道新聞
https://news.yahoo.co.jp/rss/media/hokkaibun/all.xml,hokkaibun,北海道ニュースUHB
https://news.yahoo.co.jp/rss/media/hokkoku/all.xml,hokkoku,北國新聞社
https://news.yahoo.co.jp/rss/media/bonichi/all.xml,bonichi,房日新聞
https://news.yahoo.co.jp/rss/media/mynavin/all.xml,mynavin,マイナビニュース
https://news.yahoo.co.jp/rss/media/macau/all.xml,macau,マカオ新聞
https://news.yahoo.co.jp/rss/media/magmix/all.xml,magmix,マグミクス
https://news.yahoo.co.jp/rss/media/manetatsun/all.xml,manetatsun,マネーの達人
https://news.yahoo.co.jp/rss/media/moneypost/all.xml,moneypost,マネーポストWEB
https://news.yahoo.co.jp/rss/media/mietvv/all.xml,mietvv,三重テレビ放送
https://news.yahoo.co.jp/rss/media/minatos/all.xml,minatos,みなと新聞
https://news.yahoo.co.jp/rss/media/minami/all.xml,minami,南日本新聞
https://news.yahoo.co.jp/rss/media/mmt/all.xml,mmt,ミヤギテレビ
https://news.yahoo.co.jp/rss/media/miyako/all.xml,miyako,宮古毎日新聞
https://news.yahoo.co.jp/rss/media/miyazaki/all.xml,miyazaki,宮崎日日新聞
https://news.yahoo.co.jp/rss/media/umk/all.xml,umk,宮崎ニュースUMK
https://news.yahoo.co.jp/rss/media/miranobi/all.xml,miranobi,みらのび
https://news.yahoo.co.jp/rss/media/yminnano/all.xml,yminnano,みんなの2020
https://news.yahoo.co.jp/rss/media/minkei/all.xml,minkei,みんなの経済新聞ネットワーク
https://news.yahoo.co.jp/rss/media/minnagolf/all.xml,minnagolf,みんなのゴルフダイジェスト
https://news.yahoo.co.jp/rss/media/mdjp/all.xml,mdjp,ムンドデポルティーボ日本語公式
https://news.yahoo.co.jp/rss/media/mediagong/all.xml,mediagong,メディアゴン
https://news.yahoo.co.jp/rss/media/nbn/all.xml,nbn,メ〜テレ（名古屋テレビ）
https://news.yahoo.co.jp/rss/media/mcyclist/all.xml,mcyclist,モーサイ
https://news.yahoo.co.jp/rss/media/biz_mos/all.xml,biz_mos,モーニングスター
https://news.yahoo.co.jp/rss/media/yaeyamanp/all.xml,yaeyamanp,八重山日報
https://news.yahoo.co.jp/rss/media/yamagatan/all.xml,yamagatan,山形新聞
https://news.yahoo.co.jp/rss/media/ykf/all.xml,ykf,夕刊フジ
https://news.yahoo.co.jp/rss/media/umakeiba/all.xml,umakeiba,優馬
https://news.yahoo.co.jp/rss/media/yogajol/all.xml,yogajol,ヨガジャーナルオンライン
https://news.yahoo.co.jp/rss/media/ytv/all.xml,ytv,読売テレビ
https://news.yahoo.co.jp/rss/media/biz_lifeh/all.xml,biz_lifeh,ライフハッカー［日本版］
https://news.yahoo.co.jp/rss/media/rugbyrp/all.xml,rugbyrp,ラグビーリパブリック（ラグビーマガジン）
https://news.yahoo.co.jp/rss/media/raditopi/all.xml,raditopi,ラジトピ　ラジオ関西トピックス
https://news.yahoo.co.jp/rss/media/realsound/all.xml,realsound,リアルサウンド
https://news.yahoo.co.jp/rss/media/resemom/all.xml,resemom,リセマム
https://news.yahoo.co.jp/rss/media/rtn/all.xml,rtn,両丹日日新聞
https://news.yahoo.co.jp/rss/media/ryokoyom/all.xml,ryokoyom,旅行読売
https://news.yahoo.co.jp/rss/media/tsuriplus/all.xml,tsuriplus,ルアマガ＋
https://news.yahoo.co.jp/rss/media/rescuenow/all.xml,rescuenow,レスキューナウニュース
https://news.yahoo.co.jp/rss/media/rps/all.xml,rps,レスポンス
https://news.yahoo.co.jp/rss/media/lettucec/all.xml,lettucec,レタスクラブ
https://news.yahoo.co.jp/rss/media/yonh/all.xml,yonh,聯合ニュース
https://news.yahoo.co.jp/rss/media/locationj/all.xml,locationj,ロケーションジャパン
